{
  "tier1": [
    {
      "type": "pixelmon:poke_ball",
      "components": {
        "pixelmon:poke_ball": "poke_ball"
      }
    },
    {
      "type": "pixelmon:poke_ball",
      "components": {
        "pixelmon:poke_ball": "great_ball"
      }
    },
    {
      "type": "pixelmon:poke_ball",
      "components": {
        "pixelmon:poke_ball": "ultra_ball"
      }
    },
    {
      "type": "pixelmon:poke_ball",
      "components": {
        "pixelmon:poke_ball": "level_ball"
      }
    },
    {
      "type": "pixelmon:poke_ball",
      "components": {
        "pixelmon:poke_ball": "moon_ball"
      }
    },
    {
      "type": "pixelmon:poke_ball",
      "components": {
        "pixelmon:poke_ball": "friend_ball"
      }
    },
    {
      "type": "pixelmon:poke_ball",
      "components": {
        "pixelmon:poke_ball": "love_ball"
      }
    },
    {
      "type": "pixelmon:poke_ball",
      "components": {
        "pixelmon:poke_ball": "heavy_ball"
      }
    },
    {
      "type": "pixelmon:poke_ball",
      "components": {
        "pixelmon:poke_ball": "fast_ball"
      }
    },
    {
      "type": "pixelmon:poke_ball",
      "components": {
        "pixelmon:poke_ball": "repeat_ball"
      }
    },
    {
      "type": "pixelmon:poke_ball",
      "components": {
        "pixelmon:poke_ball": "timer_ball"
      }
    },
    {
      "type": "pixelmon:poke_ball",
      "components": {
        "pixelmon:poke_ball": "nest_ball"
      }
    },
    {
      "type": "pixelmon:poke_ball",
      "components": {
        "pixelmon:poke_ball": "net_ball"
      }
    },
    {
      "type": "pixelmon:poke_ball",
      "components": {
        "pixelmon:poke_ball": "dive_ball"
      }
    },
    {
      "type": "pixelmon:poke_ball",
      "components": {
        "pixelmon:poke_ball": "luxury_ball"
      }
    },
    {
      "type": "pixelmon:poke_ball",
      "components": {
        "pixelmon:poke_ball": "heal_ball"
      }
    },
    {
      "type": "pixelmon:poke_ball",
      "components": {
        "pixelmon:poke_ball": "dusk_ball"
      }
    },
    {
      "type": "pixelmon:poke_ball",
      "components": {
        "pixelmon:poke_ball": "quick_ball"
      }
    },
    {
      "type": "pixelmon:poke_ball",
      "components": {
        "pixelmon:poke_ball": "lure_ball"
      }
    },
    {
      "type": "pixelmon:poke_ball",
      "components": {
        "pixelmon:poke_ball": "sport_ball"
      }
    },
    {
      "type": "pixelmon:poke_ball",
      "components": {
        "pixelmon:poke_ball": "premier_ball"
      }
    },
    {
      "type": "pixelmon:poke_ball",
      "components": {
        "pixelmon:poke_ball": "safari_ball"
      }
    },
    "pixelmon:rare_candy",
    "pixelmon:potion",
    "pixelmon:super_potion",
    "pixelmon:hyper_potion",
    "pixelmon:max_potion",
    "pixelmon:full_restore",
    "pixelmon:fresh_water",
    "pixelmon:soda_pop",
    "pixelmon:lemonade",
    "pixelmon:moomoo_milk",
    "pixelmon:revive",
    "pixelmon:max_revive",
    "pixelmon:ether",
    "pixelmon:max_ether",
    "pixelmon:elixir",
    "pixelmon:max_elixir",
    "pixelmon:antidote",
    "pixelmon:paralyze_heal",
    "pixelmon:awakening",
    "pixelmon:burn_heal",
    "pixelmon:ice_heal",
    "pixelmon:full_heal",
    "pixelmon:hp_up",
    "pixelmon:protein",
    "pixelmon:iron",
    "pixelmon:calcium",
    "pixelmon:zinc",
    "pixelmon:carbos",
    "pixelmon:heal_powder",
    "pixelmon:energy_powder",
    "pixelmon:energy_root",
    "pixelmon:revival_herb",
    "pixelmon:x_attack",
    "pixelmon:x_defense",
    "pixelmon:x_special_attack",
    "pixelmon:x_special_defense",
    "pixelmon:x_speed",
    "pixelmon:x_accuracy",
    "pixelmon:dire_hit",
    "pixelmon:guard_spec",
    "pixelmon:lucky_punch",
    "pixelmon:metal_powder",
    "pixelmon:quick_powder",
    "pixelmon:leek",
    "pixelmon:ever_stone",
    "pixelmon:absorb_bulb",
    "pixelmon:cell_battery",
    "pixelmon:shed_shell",
    "pixelmon:sticky_barb",
    "pixelmon:big_root",
    "pixelmon:binding_band",
    "pixelmon:grip_claw",
    "pixelmon:float_stone",
    "pixelmon:ring_target",
    "pixelmon:pure_incense",
    "pixelmon:luminous_moss",
    "pixelmon:snowball",
    "pixelmon:copper_hourglass",
    "pixelmon:film",
    "pixelmon:tm8_blank",
    "pixelmon:tr8_blank", 
    "pixelmon:adrenaline_orb",
    "pixelmon:fluffy_tail",
    "pixelmon:bug_gem",
    "pixelmon:dark_gem",
    "pixelmon:dragon_gem",
    "pixelmon:electric_gem",
    "pixelmon:fairy_gem",
    "pixelmon:fighting_gem",
    "pixelmon:fire_gem",
    "pixelmon:flying_gem",
    "pixelmon:ghost_gem",
    "pixelmon:grass_gem",
    "pixelmon:ground_gem",
    "pixelmon:ice_gem",
    "pixelmon:normal_gem",
    "pixelmon:poison_gem",
    "pixelmon:psychic_gem",
    "pixelmon:rock_gem",
    "pixelmon:steel_gem",
    "pixelmon:water_gem"
  ],
  "tier2": [
    "pixelmon:pp_up",
    {
      "type": "pixelmon:poke_ball",
      "components": {
        "pixelmon:poke_ball": "cherish_ball"
      }
    },
    "pixelmon:sun_stone",
    "pixelmon:fire_stone",
    "pixelmon:water_stone",
    "pixelmon:moon_stone",
    "pixelmon:thunder_stone",
    "pixelmon:leaf_stone",
    "pixelmon:dawn_stone",
    "pixelmon:dusk_stone",
    "pixelmon:shiny_stone",
    "pixelmon:ice_stone",
    "pixelmon:dubious_disc",
    "pixelmon:electirizer",
    "pixelmon:magmarizer",
    "pixelmon:kings_rock",
    "pixelmon:protector",
    "pixelmon:up_grade",
    "pixelmon:linking_cord",
    "pixelmon:razor_fang",
    "pixelmon:dragon_scale",
    "pixelmon:razor_claw",
    "pixelmon:deep_sea_tooth",
    "pixelmon:deep_sea_scale",
    "pixelmon:oval_stone",
    "pixelmon:reaper_cloth",
    "pixelmon:peat_block",
    "pixelmon:black_augurite",
    "pixelmon:light_ball",
    "pixelmon:thick_club",
    "pixelmon:power_herb",
    "pixelmon:mental_herb",
    "pixelmon:white_herb",
    "pixelmon:macho_brace",
    "pixelmon:soothe_bell",
    "pixelmon:smoke_ball",
    "pixelmon:wide_lens",
    "pixelmon:shell_bell",
    "pixelmon:metronome",
    "pixelmon:focus_band",
    "pixelmon:toxic_orb",
    "pixelmon:flame_orb",
    "pixelmon:black_sludge",
    "pixelmon:scope_lens",
    "pixelmon:air_balloon",
    "pixelmon:damp_rock",
    "pixelmon:heat_rock",
    "pixelmon:icy_rock",
    "pixelmon:smooth_rock",
    "pixelmon:red_card",
    "pixelmon:light_clay",
    "pixelmon:quick_claw",
    "pixelmon:zoom_lens",
    "pixelmon:bright_powder",
    "pixelmon:lagging_tail",
    "pixelmon:eject_button",
    "pixelmon:iron_ball",
    "pixelmon:full_incense",
    "pixelmon:lax_incense",
    "pixelmon:luck_incense",
    "pixelmon:odd_incense",
    "pixelmon:rock_incense",
    "pixelmon:rose_incense",
    "pixelmon:sea_incense",
    "pixelmon:wave_incense",
    "pixelmon:black_belt",
    "pixelmon:black_glasses",
    "pixelmon:charcoal",
    "pixelmon:dragon_fang",
    "pixelmon:hard_stone",
    "pixelmon:magnet",
    "pixelmon:metal_coat",
    "pixelmon:miracle_seed",
	"pixelmon:mirror_herb",
    "pixelmon:mystic_water",
    "pixelmon:never_melt_ice",
    "pixelmon:poison_barb",
    "pixelmon:prism_scale",
    "pixelmon:sharp_beak",
    "pixelmon:silk_scarf",
    "pixelmon:silver_powder",
    "pixelmon:soft_sand",
    "pixelmon:spell_tag",
    "pixelmon:twisted_spoon",
    "pixelmon:fairy_wand",
	"pixelmon:punching_glove",
	"pixelmon:loaded_dice",
    "pixelmon:amulet_coin",
    "pixelmon:safety_goggles",
    "pixelmon:orb",
    "pixelmon:silver_hourglass",
    "pixelmon:exp_share",
    "pixelmon:heavy_duty_boots",
    "pixelmon:throat_spray",
    "pixelmon:room_service",
    "pixelmon:tm8_blank",
    "pixelmon:tr8_blank",
    "pixelmon:terrain_extender",
    "pixelmon:adrenaline_orb",
    "pixelmon:covert_cloak",
    "pixelmon:grass_memory",
    "pixelmon:fire_memory",
    "pixelmon:water_memory",
    "pixelmon:flying_memory",
    "pixelmon:bug_memory",
    "pixelmon:poison_memory",
    "pixelmon:electric_memory",
    "pixelmon:psychic_memory",
    "pixelmon:rock_memory",
    "pixelmon:ground_memory",
    "pixelmon:dark_memory",
    "pixelmon:ghost_memory",
    "pixelmon:steel_memory",
    "pixelmon:fighting_memory",
    "pixelmon:ice_memory",
    "pixelmon:dragon_memory",
    "pixelmon:fairy_memory"
    
  ],
  "tier3": [
    "pixelmon:pp_max",
    {
      "type": "pixelmon:poke_ball",
      "components": {
        "pixelmon:poke_ball": "master_ball"
      }
    },
    "pixelmon:lucky_egg",
    "pixelmon:exp_all",
    "pixelmon:exp_share",
    "pixelmon:choice_band",
    "pixelmon:choice_scarf",
    "pixelmon:choice_specs",
    "pixelmon:power_weight",
    "pixelmon:power_bracer",
    "pixelmon:power_belt",
    "pixelmon:power_lens",
    "pixelmon:power_band",
    "pixelmon:power_anklet",
    "pixelmon:muscle_band",
    "pixelmon:leftovers",
    "pixelmon:life_orb",
    "pixelmon:focus_sash",
    "pixelmon:rocky_helmet",
    "pixelmon:eviolite",
    "pixelmon:expert_belt",
    "pixelmon:wise_glasses",
    "pixelmon:destiny_knot",
    "pixelmon:assault_vest",
    "pixelmon:weakness_policy",
    "pixelmon:blunder_policy",
    "pixelmon:ability_capsule",
    "pixelmon:ability_patch",
    "pixelmon:soul_dew",
    "pixelmon:silver_bottle_cap",
    "pixelmon:heavy_duty_boots",
    "pixelmon:throat_spray",
    "pixelmon:room_service",
    "pixelmon:tm8_blank",
    "pixelmon:tr8_blank",
    "pixelmon:terrain_extender",
	"pixelmon:booster_energy"
  ],
  "ultraSpace": [
    "pixelmon:tm_gen7_blank",
    "pixelmon:buginium_z",
    "pixelmon:darkinium_z",
    "pixelmon:dragonium_z",
    "pixelmon:electrium_z",
    "pixelmon:fairium_z",
    "pixelmon:fightinium_z",
    "pixelmon:firium_z",
    "pixelmon:flyinium_z",
    "pixelmon:ghostium_z",
    "pixelmon:grassium_z",
    "pixelmon:groundium_z",
    "pixelmon:icium_z",
    "pixelmon:normalium_z",
    "pixelmon:poisonium_z",
    "pixelmon:psychium_z",
    "pixelmon:rockium_z",
    "pixelmon:steelium_z",
    "pixelmon:waterium_z",
    {
      "type": "pixelmon:poke_ball",
      "components": {
        "pixelmon:poke_ball": "beast_ball"
      }
    },
    "pixelmon:safety_goggles",
    "pixelmon:meadow_plate",
    "pixelmon:flame_plate",
    "pixelmon:splash_plate",
    "pixelmon:sky_plate",
    "pixelmon:insect_plate",
    "pixelmon:toxic_plate",
    "pixelmon:zap_plate",
    "pixelmon:mind_plate",
    "pixelmon:stone_plate",
    "pixelmon:earth_plate",
    "pixelmon:dread_plate",
    "pixelmon:spooky_plate",
    "pixelmon:iron_plate",
    "pixelmon:fist_plate",
    "pixelmon:icicle_plate",
    "pixelmon:draco_plate",
    "pixelmon:pixie_plate",
	"pixelmon:blank_plate",
    "pixelmon:lucky_egg",
    "pixelmon:exp_all",
    "pixelmon:choice_band",
    "pixelmon:choice_scarf",
    "pixelmon:choice_specs",
    "pixelmon:power_weight",
    "pixelmon:power_bracer",
    "pixelmon:power_belt",
    "pixelmon:power_lens",
    "pixelmon:power_band",
    "pixelmon:power_anklet",
    "pixelmon:silver_bottle_cap",
    "pixelmon:ability_capsule",
    "pixelmon:exp_share"
  ]
}
