{
  "type": "minecraft:crafting_shaped",
  "pattern": [
    "BIL",
    "xIx",
    "###"
  ],
  "key": {
    "#": {
      "item": "minecraft:smooth_stone_slab"
    },
    "I": {
      "item": "pixelmon:silver_ingot"
    },
    "x": {
      "item": "minecraft:redstone"
    },
    "B": {
      "type": "forge:nbt",
      "item": "pixelmon:poke_ball",
      "nbt": {
        "PokeBallID": "poke_ball"
      }
    },
    "L": {
      "item": "minecraft:lead"
    }
  },
  "result": {
    "item": "pixelmon:poke_display",
    "count": 1
  }
}
